Date&Time,Card #,Name,Location,Transaction,03/01/2022 05:22,ED0333,,Blk 1 L1 Lift Lobby Back Door,Access Granted,Report All     Ver 1.3,page,1,of,1
Date&Time,Card #,Name,Location,Transaction,03/01/2022 22:03,2654,,Blk 7 L3 SOE Main Dr,Access Granted,Report All     Ver 1.3,page,1,of,1
Date&Time,Card #,Name,Location,Transaction,03/01/2022 22:03,2654,,Blk 7 L3 SOE Inner Dr,Access Granted,Report All     Ver 1.3,page,1,of,1
Date&Time,Card #,Name,Location,Transaction,03/01/2022 22:03,2654,,Blk 7 L3 SOE Main Dr,Door Left Opened Alarm,Report All     Ver 1.3,page,1,of,1
Date&Time,Card #,Name,Location,Transaction,03/01/2022 22:03,2654,,Blk 7 L3 SOE Inner Dr,Door Left Opened Alarm,Report All     Ver 1.3,page,1,of,1
Date&Time,Card #,Name,Location,Transaction,03/01/2022 22:56,ED0334,,Blk 7 L4 SOE Main Dr,Access Granted,Report All     Ver 1.3,page,1,of,1
Date&Time,Card #,Name,Location,Transaction,03/01/2022 22:56,ED0334,,Blk 7 L4 SOE Main Dr,Access Granted,Report All     Ver 1.3,page,1,of,1
Date&Time,Card #,Name,Location,Transaction,03/01/2022 22:56,ED0334,,Blk 7 L4 SOE Main Dr,Access Granted,Report All     Ver 1.3,page,1,of,1
Date&Time,Card #,Name,Location,Transaction,03/01/2022 22:56,ED0334,,Blk 7 L4 SOE Inner Dr,Access Granted,Report All     Ver 1.3,page,1,of,1
Date&Time,Card #,Name,Location,Transaction,03/01/2022 22:56,ED0334,,Blk 7 L4 SOE Inner Dr,Access Granted,Report All     Ver 1.3,page,1,of,1
Date&Time,Card #,Name,Location,Transaction,03/01/2022 22:56,ED0334,,Blk 7 L4 SOE Inner Dr,Access Granted,Report All     Ver 1.3,page,1,of,1
Date&Time,Card #,Name,Location,Transaction,03/01/2022 22:56,ED0334,,Blk 7 L4 SOE Main Dr,Door Left Opened Alarm,Report All     Ver 1.3,page,1,of,1
Date&Time,Card #,Name,Location,Transaction,03/01/2022 22:56,ED0334,,Blk 7 L4 SOE Inner Dr,Door Left Opened Alarm,Report All     Ver 1.3,page,1,of,1
Date&Time,Card #,Name,Location,Transaction,03/01/2022 23:45,ED0311,,Blk73 L5 Staff HUB Main DR,Access Granted,Report All     Ver 1.3,page,1,of,1
Date&Time,Card #,Name,Location,Transaction,04/01/2022 22:06,ED0311,,Blk73 L5 Staff HUB Main DR,Access Granted,Report All     Ver 1.3,page,1,of,1
Date&Time,Card #,Name,Location,Transaction,05/01/2022 00:23,ED0310,,Blk 1 L1 Lift Lobby Back Door,Access Granted,Report All     Ver 1.3,page,1,of,1
Date&Time,Card #,Name,Location,Transaction,05/01/2022 00:24,ED0310,,Blk 1 L3 CORPCOMMS Main Door,Access Granted,Report All     Ver 1.3,page,1,of,1
Date&Time,Card #,Name,Location,Transaction,06/01/2022 22:14,12052,,56-04-08 (ClassRm),Ctrl Group C Activated,Report All     Ver 1.3,page,1,of,1
Date&Time,Card #,Name,Location,Transaction,06/01/2022 22:15,12052,,56-04-07 (ClassRm),Ctrl Group C Activated,Report All     Ver 1.3,page,1,of,1
Date&Time,Card #,Name,Location,Transaction,06/01/2022 22:24,ED0333,,05-04-03 (ClassRm),Ctrl Group C Activated,Report All     Ver 1.3,page,1,of,1
Date&Time,Card #,Name,Location,Transaction,06/01/2022 22:24,ED0333,,05-04-03 (ClassRm),Ctrl Group C Activated,Report All     Ver 1.3,page,1,of,1
Date&Time,Card #,Name,Location,Transaction,06/01/2022 22:24,ED0333,,05-04-03 (ClassRm),Access Granted,Report All     Ver 1.3,page,1,of,1
Date&Time,Card #,Name,Location,Transaction,06/01/2022 22:36,ED0311,,Blk73 L5 Staff HUB Main DR,Access Granted,Report All     Ver 1.3,page,1,of,1
Date&Time,Card #,Name,Location,Transaction,06/01/2022 22:39,ED0333,,27-07-08 (ClassRm),Ctrl Group C Activated,Report All     Ver 1.3,page,1,of,1
Date&Time,Card #,Name,Location,Transaction,06/01/2022 22:39,ED0333,,Blk 31 L7 ICT Main Dr,Access Granted,Report All     Ver 1.3,page,1,of,1
Date&Time,Card #,Name,Location,Transaction,06/01/2022 22:44,ED0333,,31-06-12 (ClassRm),Ctrl Group C Activated,Report All     Ver 1.3,page,1,of,1
Date&Time,Card #,Name,Location,Transaction,06/01/2022 22:44,ED0333,,31-06-12 (ClassRm),Access Granted,Report All     Ver 1.3,page,1,of,1
Date&Time,Card #,Name,Location,Transaction,06/01/2022 22:50,ED0333,,Blk 34 L7 DE Main Dr,Access Granted,Report All     Ver 1.3,page,1,of,1
Date&Time,Card #,Name,Location,Transaction,06/01/2022 22:50,ED0333,,Blk 34 L7 DE Office Dr,Access Granted,Report All     Ver 1.3,page,1,of,1
Date&Time,Card #,Name,Location,Transaction,06/01/2022 22:50,ED0333,,Blk 34 L7 DE Office Dr,Access Granted,Report All     Ver 1.3,page,1,of,1
Date&Time,Card #,Name,Location,Transaction,06/01/2022 23:12,ED0333,,LT51A DR1,Access Granted,Report All     Ver 1.3,page,1,of,1
Date&Time,Card #,Name,Location,Transaction,06/01/2022 23:13,ED0333,,LT51A DR2,Access Granted,Report All     Ver 1.3,page,1,of,1
Date&Time,Card #,Name,Location,Transaction,07/01/2022 00:23,ED0333,,Blk 1 L1 Lift Lobby Back Door,Access Granted,Report All     Ver 1.3,page,1,of,1
Date&Time,Card #,Name,Location,Transaction,07/01/2022 00:32,ED0311,,LT68D SIDE DR,Access Granted,Report All     Ver 1.3,page,1,of,1
Date&Time,Card #,Name,Location,Transaction,07/01/2022 00:40,ED0333,,Blk 1 L1 Lift Lobby Back Door,Access Granted,Report All     Ver 1.3,page,1,of,1
Date&Time,Card #,Name,Location,Transaction,07/01/2022 00:41,ED0334,,Blk 1 L1 Lift Lobby Back Door,Ctrl Group C Activated,Report All     Ver 1.3,page,1,of,1
Date&Time,Card #,Name,Location,Transaction,07/01/2022 00:41,ED0334,,Blk 1 L1 Lift Lobby Back Door,Access Granted,Report All     Ver 1.3,page,1,of,1
Date&Time,Card #,Name,Location,Transaction,07/01/2022 00:41,ED0334,,Blk 1 L1 Lift Lobby Back Door,Access Granted,Report All     Ver 1.3,page,1,of,1
Date&Time,Card #,Name,Location,Transaction,07/01/2022 04:39,ED0334,,Blk18 L2 SDO Pantry Dr,Access Granted,Report All     Ver 1.3,page,1,of,1
Date&Time,Card #,Name,Location,Transaction,07/01/2022 04:39,ED0334,,Blk18 L2 SDO Pantry Dr,Access Granted,Report All     Ver 1.3,page,1,of,1
Date&Time,Card #,Name,Location,Transaction,07/01/2022 04:39,ED0334,,Blk18 L2 SDO Pantry Dr,Access Granted,Report All     Ver 1.3,page,1,of,1
Date&Time,Card #,Name,Location,Transaction,07/01/2022 04:39,ED0334,,Blk18 L2 SDO Pantry Dr,Access Granted,Report All     Ver 1.3,page,1,of,1
Date&Time,Card #,Name,Location,Transaction,07/01/2022 04:39,ED0334,,Blk18 L2 SDO Pantry Dr,Access Granted,Report All     Ver 1.3,page,1,of,1
Date&Time,Card #,Name,Location,Transaction,07/01/2022 04:39,ED0334,,Blk18 L2 SDO Pantry Dr,Access Granted,Report All     Ver 1.3,page,1,of,1
Date&Time,Card #,Name,Location,Transaction,07/01/2022 04:39,ED0334,,Blk18 L2 SDO Pantry Dr,Access Granted,Report All     Ver 1.3,page,1,of,1
Date&Time,Card #,Name,Location,Transaction,07/01/2022 04:39,ED0334,,Blk18 L2 SDO Pantry Dr,Access Granted,Report All     Ver 1.3,page,1,of,1
Date&Time,Card #,Name,Location,Transaction,07/01/2022 22:17,ED0333,,53-03-03 (ClassRm),Access Granted,Report All     Ver 1.3,page,1,of,1
Date&Time,Card #,Name,Location,Transaction,07/01/2022 22:18,ED0333,,LT76 RIGHT MAIN DR,Access Granted,Report All     Ver 1.3,page,1,of,1
Date&Time,Card #,Name,Location,Transaction,07/01/2022 23:13,ED0311,,56-03-08 (ClassRm),Access Granted,Report All     Ver 1.3,page,1,of,1
Date&Time,Card #,Name,Location,Transaction,08/01/2022 05:58,ED0334,,Blk 1 L1 Lift Lobby Back Door,Access Granted,Report All     Ver 1.3,page,1,of,1
Date&Time,Card #,Name,Location,Transaction,11/01/2022 22:16,ED0311,,LT73C MAIN DR,Access Granted,Report All     Ver 1.3,page,1,of,1
Date&Time,Card #,Name,Location,Transaction,12/01/2022 22:07,1673,,Blk 34 L6 DE Main Dr,Access Granted,Report All     Ver 1.3,page,1,of,1
Date&Time,Card #,Name,Location,Transaction,12/01/2022 22:08,1673,,Blk 34 L6 DE Office Dr,Access Granted,Report All     Ver 1.3,page,1,of,1
Date&Time,Card #,Name,Location,Transaction,12/01/2022 22:08,ED0332,,Blk 34 L6 DE Main Dr,Access Granted,Report All     Ver 1.3,page,1,of,1
Date&Time,Card #,Name,Location,Transaction,12/01/2022 22:09,ED0332,,Blk 34 L6 DE Office Dr,Access Granted,Report All     Ver 1.3,page,1,of,1
Date&Time,Card #,Name,Location,Transaction,12/01/2022 22:09,ED0332,,Blk 34 L6 DE Office Dr,Access Granted,Report All     Ver 1.3,page,1,of,1
Date&Time,Card #,Name,Location,Transaction,12/01/2022 22:10,ED0332,,Blk 34 L7 DE Main Dr,Access Granted,Report All     Ver 1.3,page,1,of,1
Date&Time,Card #,Name,Location,Transaction,12/01/2022 22:11,ED0332,,Blk 34 L7 DE Office Dr,Access Granted,Report All     Ver 1.3,page,1,of,1
Date&Time,Card #,Name,Location,Transaction,12/01/2022 22:12,1673,,Blk 34 L6 DE Office Dr,Access Granted,Report All     Ver 1.3,page,1,of,1
Date&Time,Card #,Name,Location,Transaction,12/01/2022 22:12,1673,,Blk 34 L6 DE Main Dr,Access Granted,Report All     Ver 1.3,page,1,of,1
Date&Time,Card #,Name,Location,Transaction,12/01/2022 22:32,ED0332,,56-04-08 (ClassRm),Ctrl Group C Activated,Report All     Ver 1.3,page,1,of,1
Date&Time,Card #,Name,Location,Transaction,12/01/2022 22:32,ED0332,,56-04-07 (ClassRm),Ctrl Group C Activated,Report All     Ver 1.3,page,1,of,1
Date&Time,Card #,Name,Location,Transaction,12/01/2022 22:33,ED0332,,56-04-09 (ClassRm),Ctrl Group C Activated,Report All     Ver 1.3,page,1,of,1
Date&Time,Card #,Name,Location,Transaction,12/01/2022 22:34,ED0332,,56-05-03 (ClassRm),Access Granted,Report All     Ver 1.3,page,1,of,1
Date&Time,Card #,Name,Location,Transaction,12/01/2022 22:39,ED0311,,56-06-09 (ClassRm),Access Granted,Report All     Ver 1.3,page,1,of,1
Date&Time,Card #,Name,Location,Transaction,12/01/2022 22:42,ED0311,,56-06-05 (ClassRm),Ctrl Group C Activated,Report All     Ver 1.3,page,1,of,1
Date&Time,Card #,Name,Location,Transaction,12/01/2022 22:44,ED0311,,56-06-03 (ClassRm),Ctrl Group C Activated,Report All     Ver 1.3,page,1,of,1
Date&Time,Card #,Name,Location,Transaction,12/01/2022 22:45,ED0311,,56-06-02 (ClassRm),Ctrl Group C Activated,Report All     Ver 1.3,page,1,of,1
Date&Time,Card #,Name,Location,Transaction,12/01/2022 22:47,ED0311,,56-06-07 (ClassRm),Ctrl Group C Activated,Report All     Ver 1.3,page,1,of,1
Date&Time,Card #,Name,Location,Transaction,12/01/2022 22:54,ED0311,,56-05-11 (ClassRm),Ctrl Group C Activated,Report All     Ver 1.3,page,1,of,1
Date&Time,Card #,Name,Location,Transaction,12/01/2022 22:55,ED0311,,56-05-09 (ClassRm),Ctrl Group C Activated,Report All     Ver 1.3,page,1,of,1
Date&Time,Card #,Name,Location,Transaction,13/01/2022 22:13,12052,,56-04-08 (ClassRm),Ctrl Group C Activated,Report All     Ver 1.3,page,1,of,1
Date&Time,Card #,Name,Location,Transaction,13/01/2022 22:27,12052,,56-04-08 (ClassRm),Access Granted,Report All     Ver 1.3,page,1,of,1
Date&Time,Card #,Name,Location,Transaction,13/01/2022 23:46,ED0311,,Blk 1 L1 Main Side Door,Access Granted,Report All     Ver 1.3,page,1,of,1
Date&Time,Card #,Name,Location,Transaction,13/01/2022 23:46,ED0311,,Blk 1 L1 Lift Lobby Main Door,Access Granted,Report All     Ver 1.3,page,1,of,1
Date&Time,Card #,Name,Location,Transaction,13/01/2022 23:47,ED0311,,Blk 1 L7 Lift Lobby Door,Access Granted,Report All     Ver 1.3,page,1,of,1
Date&Time,Card #,Name,Location,Transaction,17/01/2022 00:15,ED0332,,Blk 1 L1 Lift Lobby Back Door,Access Granted,Report All     Ver 1.3,page,1,of,1
Date&Time,Card #,Name,Location,Transaction,17/01/2022 00:15,ED0332,,Blk 1 L1 Lift Lobby Back Door,Access Granted,Report All     Ver 1.3,page,1,of,1
Date&Time,Card #,Name,Location,Transaction,17/01/2022 00:19,ED0332,,Blk 1 L1 Lift Lobby Back Door,Access Granted,Report All     Ver 1.3,page,1,of,1
Date&Time,Card #,Name,Location,Transaction,17/01/2022 00:59,ED0333,,Blk 1 L1 Lift Lobby Back Door,Access Granted,Report All     Ver 1.3,page,1,of,1
Date&Time,Card #,Name,Location,Transaction,17/01/2022 00:59,ED0333,,Blk 1 L1 Lift Lobby Back Door,Access Granted,Report All     Ver 1.3,page,1,of,1
Date&Time,Card #,Name,Location,Transaction,17/01/2022 01:09,ED0333,,Blk 1 L1 Main Side Door,Access Granted,Report All     Ver 1.3,page,1,of,1
Date&Time,Card #,Name,Location,Transaction,17/01/2022 01:09,ED0333,,Blk 1 L1 Lift Lobby Main Door,Access Granted,Report All     Ver 1.3,page,1,of,1
Date&Time,Card #,Name,Location,Transaction,17/01/2022 01:09,ED0333,,Blk 1 L1 Lift Lobby Main Door,Access Granted,Report All     Ver 1.3,page,1,of,1
Date&Time,Card #,Name,Location,Transaction,17/01/2022 22:26,ED0334,,LT51A DR1,Access Granted,Report All     Ver 1.3,page,1,of,1
Date&Time,Card #,Name,Location,Transaction,17/01/2022 22:36,646,,56-04-07 (ClassRm),Ctrl Group C Activated,Report All     Ver 1.3,page,1,of,1
Date&Time,Card #,Name,Location,Transaction,18/01/2022 22:06,13120,,Blk 31 L8 ICT Main Dr,Access Granted,Report All     Ver 1.3,page,1,of,1
Date&Time,Card #,Name,Location,Transaction,18/01/2022 22:11,5361,,Blk58 L6 IS Main Dr,Access Granted,Report All     Ver 1.3,page,1,of,1
Date&Time,Card #,Name,Location,Transaction,18/01/2022 22:11,5361,,Blk58 L6 IS Office Dr,Access Granted,Report All     Ver 1.3,page,1,of,1
Date&Time,Card #,Name,Location,Transaction,18/01/2022 22:35,ED0311,,53-04-08 (ClassRm),Ctrl Group C Activated,Report All     Ver 1.3,page,1,of,1
Date&Time,Card #,Name,Location,Transaction,18/01/2022 22:36,ED0334,,53-04-05 (ClassRm),Ctrl Group C Activated,Report All     Ver 1.3,page,1,of,1
Date&Time,Card #,Name,Location,Transaction,18/01/2022 22:36,ED0334,,53-04-05 (ClassRm),Access Granted,Report All     Ver 1.3,page,1,of,1
Date&Time,Card #,Name,Location,Transaction,18/01/2022 22:36,ED0334,,53-04-05 (ClassRm),Access Granted,Report All     Ver 1.3,page,1,of,1
Date&Time,Card #,Name,Location,Transaction,19/01/2022 22:10,ED0332,,72-03-07 (ClassRm),Ctrl Group C Activated,Report All     Ver 1.3,page,1,of,1
Date&Time,Card #,Name,Location,Transaction,19/01/2022 22:10,ED0332,,72-03-06 (ClassRm),Ctrl Group C Activated,Report All     Ver 1.3,page,1,of,1
Date&Time,Card #,Name,Location,Transaction,19/01/2022 23:13,ED0332,,Blk 1 L1 Lift Lobby Back Door,Access Granted,Report All     Ver 1.3,page,1,of,1
Date&Time,Card #,Name,Location,Transaction,19/01/2022 23:13,ED0332,,Blk 1 L1 Lift Lobby Back Door,Access Granted,Report All     Ver 1.3,page,1,of,1
Date&Time,Card #,Name,Location,Transaction,19/01/2022 23:14,ED0332,,Blk 1 L8 Lift Lobby Door,Access Granted,Report All     Ver 1.3,page,1,of,1
Date&Time,Card #,Name,Location,Transaction,19/01/2022 23:14,ED0332,,Blk 1 L8 Holding Area Door,Access Granted,Report All     Ver 1.3,page,1,of,1
Date&Time,Card #,Name,Location,Transaction,19/01/2022 23:14,ED0332,,Blk 1 L8 Holding Area Door,Access Granted,Report All     Ver 1.3,page,1,of,1
Date&Time,Card #,Name,Location,Transaction,20/01/2022 22:11,ED0334,,53-03-03 (ClassRm),Access Granted,Report All     Ver 1.3,page,1,of,1
Date&Time,Card #,Name,Location,Transaction,20/01/2022 22:18,ED0334,,72-03-06 (ClassRm),Ctrl Group C Activated,Report All     Ver 1.3,page,1,of,1
Date&Time,Card #,Name,Location,Transaction,20/01/2022 22:32,2888,,56-02-04 (ClassRm),Ctrl Group C Activated,Report All     Ver 1.3,page,1,of,1
Date&Time,Card #,Name,Location,Transaction,20/01/2022 22:33,ED0334,,Blk 1 L1 Main Side Door,Access Granted,Report All     Ver 1.3,page,1,of,1
Date&Time,Card #,Name,Location,Transaction,20/01/2022 22:33,ED0334,,Blk 1 L1 Main Side Door,Access Granted,Report All     Ver 1.3,page,1,of,1
Date&Time,Card #,Name,Location,Transaction,20/01/2022 22:33,ED0334,,Blk 1 L1 Lift Lobby Main Door,Access Granted,Report All     Ver 1.3,page,1,of,1
Date&Time,Card #,Name,Location,Transaction,20/01/2022 22:33,ED0334,,Blk 1 L1 Lift Lobby Main Door,Access Granted,Report All     Ver 1.3,page,1,of,1
Date&Time,Card #,Name,Location,Transaction,20/01/2022 22:36,2888,,Blk72 L6 BA Main Dr,Access Granted,Report All     Ver 1.3,page,1,of,1
Date&Time,Card #,Name,Location,Transaction,20/01/2022 22:36,2888,,Blk72 L6 BA Staircase Dr,Access Granted,Report All     Ver 1.3,page,1,of,1
Date&Time,Card #,Name,Location,Transaction,20/01/2022 22:50,ED0334,,LT51H DR1,Access Granted,Report All     Ver 1.3,page,1,of,1
Date&Time,Card #,Name,Location,Transaction,20/01/2022 22:52,ED0334,,LT51C DR2,Access Granted,Report All     Ver 1.3,page,1,of,1
Date&Time,Card #,Name,Location,Transaction,21/01/2022 05:46,ED0311,,Blk 73 EM Main Dr,Access Granted,Report All     Ver 1.3,page,1,of,1
Date&Time,Card #,Name,Location,Transaction,21/01/2022 05:46,ED0311,,Blk 73 EM Main Dr,Access Granted,Report All     Ver 1.3,page,1,of,1
Date&Time,Card #,Name,Location,Transaction,21/01/2022 22:09,4889,,Blk 73 EM Side Dr,Access Granted,Report All     Ver 1.3,page,1,of,1
Date&Time,Card #,Name,Location,Transaction,21/01/2022 22:09,4889,,Blk 73 EM Side Dr,Door Left Opened Alarm,Report All     Ver 1.3,page,1,of,1
Date&Time,Card #,Name,Location,Transaction,21/01/2022 22:17,4889,,Blk 73 EM Side Dr,Access Granted,Report All     Ver 1.3,page,1,of,1
Date&Time,Card #,Name,Location,Transaction,21/01/2022 22:17,4889,,Blk 73 EM Office Dr,Access Granted,Report All     Ver 1.3,page,1,of,1
Date&Time,Card #,Name,Location,Transaction,21/01/2022 22:19,11061,,Blk 73 EM Side Dr,Access Granted,Report All     Ver 1.3,page,1,of,1
Date&Time,Card #,Name,Location,Transaction,21/01/2022 22:21,11061,,Blk 73 EM Main Dr,Access Granted,Report All     Ver 1.3,page,1,of,1
Date&Time,Card #,Name,Location,Transaction,21/01/2022 22:23,4889,,Blk 73 EM Side Dr,Access Granted,Report All     Ver 1.3,page,1,of,1
Date&Time,Card #,Name,Location,Transaction,21/01/2022 22:23,4889,,Blk 73 EM Office Dr,Access Granted,Report All     Ver 1.3,page,1,of,1
Date&Time,Card #,Name,Location,Transaction,24/01/2022 22:00,ED0332,,72-03-06 (ClassRm),Ctrl Group C Activated,Report All     Ver 1.3,page,1,of,1
Date&Time,Card #,Name,Location,Transaction,24/01/2022 22:00,ED0332,,72-03-06 (ClassRm),Access Granted,Report All     Ver 1.3,page,1,of,1
Date&Time,Card #,Name,Location,Transaction,24/01/2022 22:01,ED0311,,72-03-16 (ClassRm),Access Granted,Report All     Ver 1.3,page,1,of,1
Date&Time,Card #,Name,Location,Transaction,24/01/2022 22:01,ED0311,,72-03-16 (ClassRm),Access Granted,Report All     Ver 1.3,page,1,of,1
Date&Time,Card #,Name,Location,Transaction,24/01/2022 22:01,ED0311,,72-03-16 (ClassRm),Door Left Opened Alarm,Report All     Ver 1.3,page,1,of,1
Date&Time,Card #,Name,Location,Transaction,24/01/2022 22:02,ED0311,,72-03-10 (ClassRm),Ctrl Group C Activated,Report All     Ver 1.3,page,1,of,1
Date&Time,Card #,Name,Location,Transaction,24/01/2022 22:03,646,,56-06-01 (ClassRm),Ctrl Group C Activated,Report All     Ver 1.3,page,1,of,1
Date&Time,Card #,Name,Location,Transaction,24/01/2022 22:20,11972,,Blk 1 L3 CORPCOMMS Main Door,Access Granted,Report All     Ver 1.3,page,1,of,1
Date&Time,Card #,Name,Location,Transaction,24/01/2022 22:26,11972,,Blk 1 L3 CORPCOMMS Main Door,Access Granted,Report All     Ver 1.3,page,1,of,1
Date&Time,Card #,Name,Location,Transaction,24/01/2022 23:01,ED0311,,56-06-12 (ClassRm),Access Granted,Report All     Ver 1.3,page,1,of,1
Date&Time,Card #,Name,Location,Transaction,24/01/2022 23:02,ED0332,,56-06-12 (ClassRm),Access Granted,Report All     Ver 1.3,page,1,of,1
Date&Time,Card #,Name,Location,Transaction,24/01/2022 23:02,ED0332,,56-06-12 (ClassRm),Access Granted,Report All     Ver 1.3,page,1,of,1
Date&Time,Card #,Name,Location,Transaction,24/01/2022 23:18,ED0332,,LT68D SIDE DR,Access Granted,Report All     Ver 1.3,page,1,of,1
Date&Time,Card #,Name,Location,Transaction,24/01/2022 23:20,ED0332,,LT68E LEFT DR,Access Granted,Report All     Ver 1.3,page,1,of,1
Date&Time,Card #,Name,Location,Transaction,24/01/2022 23:20,ED0332,,LT68E LEFT DR,Access Granted,Report All     Ver 1.3,page,1,of,1
Date&Time,Card #,Name,Location,Transaction,24/01/2022 23:21,ED0332,,LT68E RIGHT DR,Access Granted,Report All     Ver 1.3,page,1,of,1
Date&Time,Card #,Name,Location,Transaction,24/01/2022 23:26,ED0332,,CC 1ST STOREY MAIN DR,Access Granted,Report All     Ver 1.3,page,1,of,1
Date&Time,Card #,Name,Location,Transaction,24/01/2022 23:35,ED0332,,LT68D MAIN DR,Access Granted,Report All     Ver 1.3,page,1,of,1
Date&Time,Card #,Name,Location,Transaction,25/01/2022 00:00,ED0332,,34-04-03 (ClassRm),Access Granted,Report All     Ver 1.3,page,1,of,1
Date&Time,Card #,Name,Location,Transaction,25/01/2022 05:43,ED0311,,Blk 83 L5 LSCT Main Dr,Access Granted,Report All     Ver 1.3,page,1,of,1
Date&Time,Card #,Name,Location,Transaction,25/01/2022 05:43,ED0311,,Blk 83 L5 LSCT Main Dr,Access Granted,Report All     Ver 1.3,page,1,of,1
Date&Time,Card #,Name,Location,Transaction,25/01/2022 05:43,ED0311,,Blk 83 L5 LSCT Main Dr,Access Granted,Report All     Ver 1.3,page,1,of,1
Date&Time,Card #,Name,Location,Transaction,25/01/2022 22:01,ED0310,,CC 2ND STOREY RIGHT DR,Access Granted,Report All     Ver 1.3,page,1,of,1
Date&Time,Card #,Name,Location,Transaction,25/01/2022 22:02,ED0310,,CC 2ND STOREY RIGHT DR,Door Left Opened Alarm,Report All     Ver 1.3,page,1,of,1
Date&Time,Card #,Name,Location,Transaction,25/01/2022 22:35,ED0310,,27-07-09 (ClassRm),Ctrl Group B Activated,Report All     Ver 1.3,page,1,of,1
Date&Time,Card #,Name,Location,Transaction,25/01/2022 22:35,ED0310,,27-07-09 (ClassRm),Access Granted,Report All     Ver 1.3,page,1,of,1
Date&Time,Card #,Name,Location,Transaction,25/01/2022 22:36,ED0310,,27-07-09 (ClassRm),Ctrl Group C Activated,Report All     Ver 1.3,page,1,of,1
Date&Time,Card #,Name,Location,Transaction,25/01/2022 22:36,ED0310,,27-07-09 (ClassRm),Access Granted,Report All     Ver 1.3,page,1,of,1
Date&Time,Card #,Name,Location,Transaction,25/01/2022 22:36,ED0310,,27-07-09 (ClassRm),Ctrl Group B Activated,Report All     Ver 1.3,page,1,of,1
Date&Time,Card #,Name,Location,Transaction,25/01/2022 22:36,ED0310,,27-07-09 (ClassRm),Access Granted,Report All     Ver 1.3,page,1,of,1
Date&Time,Card #,Name,Location,Transaction,25/01/2022 22:37,ED0310,,27-07-09 (ClassRm),Ctrl Group C Activated,Report All     Ver 1.3,page,1,of,1
Date&Time,Card #,Name,Location,Transaction,25/01/2022 22:38,ED0310,,27-07-03 (ClassRm),Access Granted,Report All     Ver 1.3,page,1,of,1
Date&Time,Card #,Name,Location,Transaction,25/01/2022 22:38,ED0310,,27-07-07 (ClassRm),Ctrl Group C Activated,Report All     Ver 1.3,page,1,of,1
Date&Time,Card #,Name,Location,Transaction,25/01/2022 22:39,ED0310,,27-07-04 (ClassRm),Ctrl Group C Activated,Report All     Ver 1.3,page,1,of,1
Date&Time,Card #,Name,Location,Transaction,25/01/2022 23:32,ED0310,,Blk58 L5 IS Back Dr,Access Granted,Report All     Ver 1.3,page,1,of,1
Date&Time,Card #,Name,Location,Transaction,25/01/2022 23:32,ED0310,,Blk58 L5 IS Back Dr,Access Granted,Report All     Ver 1.3,page,1,of,1
Date&Time,Card #,Name,Location,Transaction,25/01/2022 23:32,ED0310,,Blk58 L5 IS Back Dr,Access Granted,Report All     Ver 1.3,page,1,of,1
Date&Time,Card #,Name,Location,Transaction,25/01/2022 23:35,ED0310,,Blk58 L5 IS Main Dr,Access Granted,Report All     Ver 1.3,page,1,of,1
Date&Time,Card #,Name,Location,Transaction,25/01/2022 23:45,ED0310,,Blk 1 L1 Lift Lobby Back Door,Access Granted,Report All     Ver 1.3,page,1,of,1
Date&Time,Card #,Name,Location,Transaction,26/01/2022 05:03,ED0310,,CC 2ND STOREY RIGHT DR,Access Granted,Report All     Ver 1.3,page,1,of,1
Date&Time,Card #,Name,Location,Transaction,26/01/2022 05:07,ED0310,,CC 1ST STOREY RIGHT DR,Access Granted,Report All     Ver 1.3,page,1,of,1
Date&Time,Card #,Name,Location,Transaction,26/01/2022 05:08,ED0310,,CC 1ST STOREY RIGHT DR,Door Left Opened Alarm,Report All     Ver 1.3,page,1,of,1
Date&Time,Card #,Name,Location,Transaction,26/01/2022 05:14,ED0310,,CC 1ST STOREY RIGHT DR,Access Granted,Report All     Ver 1.3,page,1,of,1
Date&Time,Card #,Name,Location,Transaction,26/01/2022 22:11,ED0332,,72-03-07 (ClassRm),Ctrl Group C Activated,Report All     Ver 1.3,page,1,of,1
Date&Time,Card #,Name,Location,Transaction,26/01/2022 22:11,ED0332,,72-03-07 (ClassRm),Access Granted,Report All     Ver 1.3,page,1,of,1
Date&Time,Card #,Name,Location,Transaction,26/01/2022 22:11,ED0332,,72-03-06 (ClassRm),Ctrl Group C Activated,Report All     Ver 1.3,page,1,of,1
Date&Time,Card #,Name,Location,Transaction,26/01/2022 22:13,ED0311,,72-03-04 (ClassRm),Ctrl Group C Activated,Report All     Ver 1.3,page,1,of,1
Date&Time,Card #,Name,Location,Transaction,26/01/2022 22:13,ED0311,,72-03-04 (ClassRm),Access Granted,Report All     Ver 1.3,page,1,of,1
Date&Time,Card #,Name,Location,Transaction,26/01/2022 22:14,ED0332,,72-03-14 (ClassRm),Access Granted,Report All     Ver 1.3,page,1,of,1
Date&Time,Card #,Name,Location,Transaction,26/01/2022 22:14,ED0332,,72-03-14 (ClassRm),Access Granted,Report All     Ver 1.3,page,1,of,1
Date&Time,Card #,Name,Location,Transaction,26/01/2022 22:29,ED0311,,Blk73 L5 Staff HUB Main DR,Access Granted,Report All     Ver 1.3,page,1,of,1
Date&Time,Card #,Name,Location,Transaction,27/01/2022 00:12,ED0311,,56-04-03 (ClassRm),Access Granted,Report All     Ver 1.3,page,1,of,1
Date&Time,Card #,Name,Location,Transaction,27/01/2022 00:12,ED0311,,56-04-03 (ClassRm),Door Left Opened Alarm,Report All     Ver 1.3,page,1,of,1
Date&Time,Card #,Name,Location,Transaction,27/01/2022 00:13,ED0311,,56-04-01 (ClassRm),Access Granted,Report All     Ver 1.3,page,1,of,1
Date&Time,Card #,Name,Location,Transaction,27/01/2022 00:38,ED0332,,LT45 LEFT MAIN DR,Access Granted,Report All     Ver 1.3,page,1,of,1
Date&Time,Card #,Name,Location,Transaction,27/01/2022 00:38,ED0332,,LT45 LEFT MAIN DR,Door Left Opened Alarm,Report All     Ver 1.3,page,1,of,1
Date&Time,Card #,Name,Location,Transaction,27/01/2022 00:56,ED0311,,34-04-02 (ClassRm),Access Granted,Report All     Ver 1.3,page,1,of,1
Date&Time,Card #,Name,Location,Transaction,27/01/2022 00:56,ED0311,,34-04-02 (ClassRm),Access Granted,Report All     Ver 1.3,page,1,of,1
Date&Time,Card #,Name,Location,Transaction,27/01/2022 00:56,ED0311,,34-04-02 (ClassRm),Door Left Opened Alarm,Report All     Ver 1.3,page,1,of,1
Date&Time,Card #,Name,Location,Transaction,27/01/2022 00:57,ED0332,,34-04-01 (ClassRm),Access Granted,Report All     Ver 1.3,page,1,of,1
Date&Time,Card #,Name,Location,Transaction,27/01/2022 00:57,ED0332,,34-04-01 (ClassRm),Access Granted,Report All     Ver 1.3,page,1,of,1
Date&Time,Card #,Name,Location,Transaction,27/01/2022 00:58,ED0332,,34-04-01 (ClassRm),Access Granted,Report All     Ver 1.3,page,1,of,1
Date&Time,Card #,Name,Location,Transaction,27/01/2022 00:58,ED0332,,34-04-01 (ClassRm),Access Granted,Report All     Ver 1.3,page,1,of,1
Date&Time,Card #,Name,Location,Transaction,27/01/2022 05:07,ED0332,,LT45 LEFT MAIN DR,Access Granted,Report All     Ver 1.3,page,1,of,1
Date&Time,Card #,Name,Location,Transaction,27/01/2022 05:56,2627,,Blk72 L9 BA Main Dr,Access Granted,Report All     Ver 1.3,page,1,of,1
Date&Time,Card #,Name,Location,Transaction,27/01/2022 05:56,2627,,Blk72 L9 BA Main Dr,Access Granted,Report All     Ver 1.3,page,1,of,1
Date&Time,Card #,Name,Location,Transaction,27/01/2022 22:03,ED0311,,LT73C MAIN DR,Access Granted,Report All     Ver 1.3,page,1,of,1
Date&Time,Card #,Name,Location,Transaction,27/01/2022 22:12,8242,,Blk 7 L5 SOE Main Dr,Access Granted,Report All     Ver 1.3,page,1,of,1
Date&Time,Card #,Name,Location,Transaction,27/01/2022 22:12,8242,,Blk 7 L5 SOE Inner Dr,Access Granted,Report All     Ver 1.3,page,1,of,1
Date&Time,Card #,Name,Location,Transaction,27/01/2022 22:12,8242,,Blk 7 L5 SOE Main Dr,Door Left Opened Alarm,Report All     Ver 1.3,page,1,of,1
Date&Time,Card #,Name,Location,Transaction,27/01/2022 22:13,8242,,Blk 7 L5 SOE Inner Dr,Door Left Opened Alarm,Report All     Ver 1.3,page,1,of,1
Date&Time,Card #,Name,Location,Transaction,28/01/2022 05:17,ED0332,,Blk 7 L4 SOE Main Dr,Access Granted,Report All     Ver 1.3,page,1,of,1
Date&Time,Card #,Name,Location,Transaction,28/01/2022 05:17,ED0332,,Blk 7 L4 SOE Main Dr,Access Granted,Report All     Ver 1.3,page,1,of,1
Date&Time,Card #,Name,Location,Transaction,28/01/2022 05:17,ED0332,,Blk 7 L4 SOE Inner Dr,Access Granted,Report All     Ver 1.3,page,1,of,1
Date&Time,Card #,Name,Location,Transaction,28/01/2022 05:17,ED0332,,Blk 7 L4 SOE Inner Dr,Access Granted,Report All     Ver 1.3,page,1,of,1
Date&Time,Card #,Name,Location,Transaction,28/01/2022 05:17,ED0332,,Blk 7 L4 SOE Main Dr,Door Left Opened Alarm,Report All     Ver 1.3,page,1,of,1
Date&Time,Card #,Name,Location,Transaction,28/01/2022 05:17,ED0332,,Blk 7 L4 SOE Inner Dr,Door Left Opened Alarm,Report All     Ver 1.3,page,1,of,1
Date&Time,Card #,Name,Location,Transaction,28/01/2022 22:07,ED0311,,Blk73 L3 Auditorium Dr2,Access Granted,Report All     Ver 1.3,page,1,of,1
Date&Time,Card #,Name,Location,Transaction,28/01/2022 22:16,ED0311,,Blk73 L5 Staff HUB Main DR,Access Granted,Report All     Ver 1.3,page,1,of,1
Date&Time,Card #,Name,Location,Transaction,28/01/2022 23:23,ED0334,,Blk 1 L1 Lift Lobby Back Door,Access Granted,Report All     Ver 1.3,page,1,of,1
Date&Time,Card #,Name,Location,Transaction,28/01/2022 23:24,ED0334,,Blk 1 L8 Lift Lobby Door,Access Granted,Report All     Ver 1.3,page,1,of,1
Date&Time,Card #,Name,Location,Transaction,28/01/2022 23:25,ED0334,,Blk 1 L7 Lift Lobby Door,Access Granted,Report All     Ver 1.3,page,1,of,1
Date&Time,Card #,Name,Location,Transaction,28/01/2022 23:25,ED0334,,Blk 1 L7 Lift Lobby Door,Access Granted,Report All     Ver 1.3,page,1,of,1
Date&Time,Card #,Name,Location,Transaction,29/01/2022 00:20,ED0311,,Blk73 L5 Staff HUB Main DR,Access Granted,Report All     Ver 1.3,page,1,of,1
Date&Time,Card #,Name,Location,Transaction,29/01/2022 00:23,ED0311,,Blk73 L5 Staff HUB Main DR,Access Granted,Report All     Ver 1.3,page,1,of,1
Date&Time,Card #,Name,Location,Transaction,29/01/2022 00:24,ED0311,,Blk 73 EM Main Dr,Access Granted,Report All     Ver 1.3,page,1,of,1
Date&Time,Card #,Name,Location,Transaction,29/01/2022 01:08,ED0311,,Blk 73 EM Main Dr,Access Granted,Report All     Ver 1.3,page,1,of,1
Date&Time,Card #,Name,Location,Transaction,29/01/2022 01:08,ED0311,,Blk 73 EM Main Dr,Access Granted,Report All     Ver 1.3,page,1,of,1
Date&Time,Card #,Name,Location,Transaction,29/01/2022 01:08,ED0311,,Blk 73 EM Main Dr,Access Granted,Report All     Ver 1.3,page,1,of,1
Date&Time,Card #,Name,Location,Transaction,29/01/2022 22:31,ED0311,,31-06-03 (ClassRm),Access Granted,Report All     Ver 1.3,page,1,of,1
Date&Time,Card #,Name,Location,Transaction,29/01/2022 22:31,ED0311,,31-06-03 (ClassRm),Door Left Opened Alarm,Report All     Ver 1.3,page,1,of,1
Date&Time,Card #,Name,Location,Transaction,29/01/2022 22:39,ED0311,,56-02-08 (ClassRm),Access Granted,Report All     Ver 1.3,page,1,of,1
Date&Time,Card #,Name,Location,Transaction,29/01/2022 22:41,ED0332,,56-02-05 (ClassRm),Ctrl Group C Activated,Report All     Ver 1.3,page,1,of,1
Date&Time,Card #,Name,Location,Transaction,29/01/2022 22:41,ED0332,,56-02-05 (ClassRm),Access Granted,Report All     Ver 1.3,page,1,of,1
Date&Time,Card #,Name,Location,Transaction,29/01/2022 22:42,ED0332,,56-02-04 (ClassRm),Ctrl Group C Activated,Report All     Ver 1.3,page,1,of,1
Date&Time,Card #,Name,Location,Transaction,29/01/2022 22:43,ED0332,,56-02-02 (ClassRm),Access Granted,Report All     Ver 1.3,page,1,of,1
Date&Time,Card #,Name,Location,Transaction,29/01/2022 22:43,ED0311,,56-02-01 (ClassRm),Ctrl Group C Activated,Report All     Ver 1.3,page,1,of,1
Date&Time,Card #,Name,Location,Transaction,31/01/2022 22:50,ED0332,,Blk 1 L1 Lift Lobby Back Door,Access Granted,Report All     Ver 1.3,page,1,of,1
Date&Time,Card #,Name,Location,Transaction,31/01/2022 22:51,ED0332,,Blk 1 L7 Lift Lobby Door,Access Granted,Report All     Ver 1.3,page,1,of,1
Date&Time,Card #,Name,Location,Transaction,31/01/2022 22:51,ED0332,,Blk 1 L7 Lift Lobby Door,Access Granted,Report All     Ver 1.3,page,1,of,1
Date&Time,Card #,Name,Location,Transaction,31/01/2022 22:53,ED0332,,Blk 1 L6 Lift Lobby Door,Access Granted,Report All     Ver 1.3,page,1,of,1
Date&Time,Card #,Name,Location,Transaction,31/01/2022 22:53,ED0332,,Blk 1 L6 Lift Lobby Door,Access Granted,Report All     Ver 1.3,page,1,of,1
Date&Time,Card #,Name,Location,Transaction,01/02/2022 22:45,ED0333,,Blk 1 L1 Main Side Door,Access Granted,Report All     Ver 1.3,page,1,of,1
Date&Time,Card #,Name,Location,Transaction,01/02/2022 22:45,ED0333,,Blk 1 L1 Main Side Door,Access Granted,Report All     Ver 1.3,page,1,of,1
Date&Time,Card #,Name,Location,Transaction,01/02/2022 22:45,ED0333,,Blk 1 L1 Lift Lobby Main Door,Access Granted,Report All     Ver 1.3,page,1,of,1
Date&Time,Card #,Name,Location,Transaction,01/02/2022 22:45,ED0333,,Blk 1 L1 Lift Lobby Main Door,Access Granted,Report All     Ver 1.3,page,1,of,1
Date&Time,Card #,Name,Location,Transaction,01/02/2022 22:46,ED0333,,Blk 1 L1 Lift Lobby Main Door,Door Left Opened Alarm,Report All     Ver 1.3,page,1,of,1
Date&Time,Card #,Name,Location,Transaction,03/02/2022 22:29,13120,,Blk 31 L8 ICT Main Dr,Access Granted,Report All     Ver 1.3,page,1,of,1
Date&Time,Card #,Name,Location,Transaction,03/02/2022 23:19,ED0333,,LT51A DR2,Access Granted,Report All     Ver 1.3,page,1,of,1
Date&Time,Card #,Name,Location,Transaction,04/02/2022 02:21,ED0333,,Blk58 L5 IS Main Dr,Access Granted,Report All     Ver 1.3,page,1,of,1
Date&Time,Card #,Name,Location,Transaction,04/02/2022 22:07,ED0333,,72-03-16 (ClassRm),Access Granted,Report All     Ver 1.3,page,1,of,1
Date&Time,Card #,Name,Location,Transaction,04/02/2022 22:07,ED0333,,72-03-16 (ClassRm),Access Granted,Report All     Ver 1.3,page,1,of,1
Date&Time,Card #,Name,Location,Transaction,04/02/2022 22:07,ED0333,,72-03-16 (ClassRm),Ctrl Group C Activated,Report All     Ver 1.3,page,1,of,1
Date&Time,Card #,Name,Location,Transaction,04/02/2022 22:07,ED0333,,72-03-16 (ClassRm),Access Granted,Report All     Ver 1.3,page,1,of,1
Date&Time,Card #,Name,Location,Transaction,04/02/2022 22:09,12993,,Blk58 L5 IS Main Dr,Access Granted,Report All     Ver 1.3,page,1,of,1
Date&Time,Card #,Name,Location,Transaction,04/02/2022 23:05,ED0333,,LT51A DR1,Access Granted,Report All     Ver 1.3,page,1,of,1
Date&Time,Card #,Name,Location,Transaction,04/02/2022 23:05,ED0333,,LT51A DR2,Access Granted,Report All     Ver 1.3,page,1,of,1
Date&Time,Card #,Name,Location,Transaction,06/02/2022 23:05,ED0334,,Blk 7 L3 SOE Main Dr,Access Granted,Report All     Ver 1.3,page,1,of,1
Date&Time,Card #,Name,Location,Transaction,06/02/2022 23:06,ED0334,,Blk 7 L3 SOE Inner Dr,Access Granted,Report All     Ver 1.3,page,1,of,1
Date&Time,Card #,Name,Location,Transaction,06/02/2022 23:06,ED0334,,Blk 7 L3 SOE Inner Dr,Access Granted,Report All     Ver 1.3,page,1,of,1
Date&Time,Card #,Name,Location,Transaction,06/02/2022 23:06,ED0334,,Blk 7 L3 SOE Inner Dr,Access Granted,Report All     Ver 1.3,page,1,of,1
Date&Time,Card #,Name,Location,Transaction,06/02/2022 23:06,ED0334,,Blk 7 L3 SOE Inner Dr,Door Left Opened Alarm,Report All     Ver 1.3,page,1,of,1
Date&Time,Card #,Name,Location,Transaction,06/02/2022 23:06,ED0334,,Blk 7 L3 SOE Main Dr,Door Left Opened Alarm,Report All     Ver 1.3,page,1,of,1
Date&Time,Card #,Name,Location,Transaction,07/02/2022 22:26,2158,,Blk 1 L7 Lift Lobby Door,Access Granted,Report All     Ver 1.3,page,1,of,1
Date&Time,Card #,Name,Location,Transaction,07/02/2022 22:26,9138,,Blk 1 L7 AA Main Door,Access Granted,Report All     Ver 1.3,page,1,of,1
Date&Time,Card #,Name,Location,Transaction,07/02/2022 22:46,646,,56-04-07 (ClassRm),Ctrl Group C Activated,Report All     Ver 1.3,page,1,of,1
Date&Time,Card #,Name,Location,Transaction,07/02/2022 22:46,646,,56-04-07 (ClassRm),Access Granted,Report All     Ver 1.3,page,1,of,1
Date&Time,Card #,Name,Location,Transaction,07/02/2022 23:05,ED0333,,Blk 7 L3 SOE Main Dr,Access Granted,Report All     Ver 1.3,page,1,of,1
Date&Time,Card #,Name,Location,Transaction,07/02/2022 23:05,ED0333,,Blk 7 L3 SOE Main Dr,Access Granted,Report All     Ver 1.3,page,1,of,1
Date&Time,Card #,Name,Location,Transaction,07/02/2022 23:05,ED0333,,Blk 7 L3 SOE Main Dr,Door Left Opened Alarm,Report All     Ver 1.3,page,1,of,1
Date&Time,Card #,Name,Location,Transaction,07/02/2022 23:06,ED0333,,Blk 7 L4 SOE Main Dr,Access Granted,Report All     Ver 1.3,page,1,of,1
Date&Time,Card #,Name,Location,Transaction,07/02/2022 23:07,ED0333,,Blk 7 L4 SOE Main Dr,Access Granted,Report All     Ver 1.3,page,1,of,1
Date&Time,Card #,Name,Location,Transaction,07/02/2022 23:07,ED0333,,Blk 7 L4 SOE Main Dr,Door Left Opened Alarm,Report All     Ver 1.3,page,1,of,1
Date&Time,Card #,Name,Location,Transaction,07/02/2022 23:07,ED0333,,Blk 7 L4 SOE Inner Dr,Access Granted,Report All     Ver 1.3,page,1,of,1
Date&Time,Card #,Name,Location,Transaction,07/02/2022 23:07,ED0333,,Blk 7 L4 SOE Inner Dr,Access Granted,Report All     Ver 1.3,page,1,of,1
Date&Time,Card #,Name,Location,Transaction,07/02/2022 23:07,ED0333,,Blk 7 L4 SOE Inner Dr,Access Granted,Report All     Ver 1.3,page,1,of,1
Date&Time,Card #,Name,Location,Transaction,07/02/2022 23:07,ED0333,,Blk 7 L4 SOE Inner Dr,Door Left Opened Alarm,Report All     Ver 1.3,page,1,of,1
Date&Time,Card #,Name,Location,Transaction,08/02/2022 05:22,ED0334,,Blk73 L3 Auditorium Dr3,Access Granted,Report All     Ver 1.3,page,1,of,1
Date&Time,Card #,Name,Location,Transaction,08/02/2022 05:42,ED0332,,Blk73 L3 Auditorium Dr3,Access Granted,Report All     Ver 1.3,page,1,of,1
Date&Time,Card #,Name,Location,Transaction,08/02/2022 05:49,ED0332,,Blk 1 L1 Lift Lobby Back Door,Access Granted,Report All     Ver 1.3,page,1,of,1
Date&Time,Card #,Name,Location,Transaction,08/02/2022 22:00,7058,,Blk 83 L5 LSCT Main Dr,Access Granted,Report All     Ver 1.3,page,1,of,1
Date&Time,Card #,Name,Location,Transaction,08/02/2022 22:00,7058,,Blk 83 L5 LSCT Office Dr,Access Granted,Report All     Ver 1.3,page,1,of,1
Date&Time,Card #,Name,Location,Transaction,08/02/2022 22:03,7058,,Blk 83 L5 LSCT Office Dr,Access Granted,Report All     Ver 1.3,page,1,of,1
Date&Time,Card #,Name,Location,Transaction,08/02/2022 22:04,7058,,Blk 83 L5 LSCT Main Dr,Access Granted,Report All     Ver 1.3,page,1,of,1
Date&Time,Card #,Name,Location,Transaction,08/02/2022 23:07,ED0334,,72-03-14 (ClassRm),Ctrl Group C Activated,Report All     Ver 1.3,page,1,of,1
Date&Time,Card #,Name,Location,Transaction,08/02/2022 23:07,ED0334,,72-03-14 (ClassRm),Access Granted,Report All     Ver 1.3,page,1,of,1
Date&Time,Card #,Name,Location,Transaction,08/02/2022 23:18,ED0334,,82-02-03 (HS Lab),Ctrl Group B Activated,Report All     Ver 1.3,page,1,of,1
Date&Time,Card #,Name,Location,Transaction,08/02/2022 23:19,ED0334,,Blk 82 HS Lab Nursing Lab,Access Granted,Report All     Ver 1.3,page,1,of,1
Date&Time,Card #,Name,Location,Transaction,08/02/2022 23:19,ED0334,,Blk 82 HS Lab Nursing Lab,Access Granted,Report All     Ver 1.3,page,1,of,1
Date&Time,Card #,Name,Location,Transaction,08/02/2022 23:19,ED0334,,Blk 82 HS Lab Nursing Lab,Door Left Opened Alarm,Report All     Ver 1.3,page,1,of,1
Date&Time,Card #,Name,Location,Transaction,10/02/2022 05:20,ED0334,,Blk 1 L1 Lift Lobby Back Door,Access Granted,Report All     Ver 1.3,page,1,of,1
Date&Time,Card #,Name,Location,Transaction,10/02/2022 05:20,ED0334,,Blk 1 L1 Lift Lobby Back Door,Access Granted,Report All     Ver 1.3,page,1,of,1
Date&Time,Card #,Name,Location,Transaction,10/02/2022 05:21,ED0334,,Blk 1 L6 Lift Lobby Door,Access Granted,Report All     Ver 1.3,page,1,of,1
Date&Time,Card #,Name,Location,Transaction,10/02/2022 05:22,ED0334,,Blk 1 L6 HR Main Door,Access Granted,Report All     Ver 1.3,page,1,of,1
Date&Time,Card #,Name,Location,Transaction,10/02/2022 23:28,ED0333,,Blk 1 L1 Lift Lobby Back Door,Access Granted,Report All     Ver 1.3,page,1,of,1
Date&Time,Card #,Name,Location,Transaction,10/02/2022 23:28,ED0333,,Blk 1 L1 Lift Lobby Back Door,Access Granted,Report All     Ver 1.3,page,1,of,1
Date&Time,Card #,Name,Location,Transaction,10/02/2022 23:29,ED0333,,Blk 1 L6 Lift Lobby Door,Access Granted,Report All     Ver 1.3,page,1,of,1
Date&Time,Card #,Name,Location,Transaction,10/02/2022 23:29,ED0333,,Blk 1 L6 Lift Lobby Door,Access Granted,Report All     Ver 1.3,page,1,of,1
Date&Time,Card #,Name,Location,Transaction,10/02/2022 23:29,ED0333,,Blk 1 L6 Lift Lobby Door,Access Granted,Report All     Ver 1.3,page,1,of,1
Date&Time,Card #,Name,Location,Transaction,10/02/2022 23:30,ED0333,,Blk 1 L6 FIN Main Door,Access Granted,Report All     Ver 1.3,page,1,of,1
Date&Time,Card #,Name,Location,Transaction,10/02/2022 23:30,ED0333,,Blk 1 L6 FIN Main Door,Access Granted,Report All     Ver 1.3,page,1,of,1
Date&Time,Card #,Name,Location,Transaction,10/02/2022 23:36,ED0333,,Blk 1 L1 Lift Lobby Back Door,Access Granted,Report All     Ver 1.3,page,1,of,1
Date&Time,Card #,Name,Location,Transaction,10/02/2022 23:36,ED0333,,Blk 1 L1 Lift Lobby Back Door,Access Granted,Report All     Ver 1.3,page,1,of,1
Date&Time,Card #,Name,Location,Transaction,10/02/2022 23:37,ED0333,,Blk 1 L6 Lift Lobby Door,Access Granted,Report All     Ver 1.3,page,1,of,1
Date&Time,Card #,Name,Location,Transaction,10/02/2022 23:37,ED0333,,Blk 1 L6 Lift Lobby Door,Access Granted,Report All     Ver 1.3,page,1,of,1
Date&Time,Card #,Name,Location,Transaction,10/02/2022 23:37,ED0333,,Blk 1 L6 FIN Main Door,Access Granted,Report All     Ver 1.3,page,1,of,1
Date&Time,Card #,Name,Location,Transaction,10/02/2022 23:37,ED0333,,Blk 1 L6 FIN Main Door,Access Granted,Report All     Ver 1.3,page,1,of,1
Date&Time,Card #,Name,Location,Transaction,10/02/2022 23:37,ED0333,,Blk 1 L6 FIN Main Door,Access Granted,Report All     Ver 1.3,page,1,of,1
Date&Time,Card #,Name,Location,Transaction,10/02/2022 23:54,13258,,Blk56 Sandbox Back Dr,Access Granted,Report All     Ver 1.3,page,1,of,1
Date&Time,Card #,Name,Location,Transaction,12/02/2022 22:15,ED0334,,CC 1ST STOREY RIGHT DR,Access Granted,Report All     Ver 1.3,page,1,of,1
Date&Time,Card #,Name,Location,Transaction,12/02/2022 22:15,ED0334,,CC 1ST STOREY RIGHT DR,Door Left Opened Alarm,Report All     Ver 1.3,page,1,of,1
Date&Time,Card #,Name,Location,Transaction,12/02/2022 22:20,ED0334,,CC 2ND STOREY RIGHT DR,Access Granted,Report All     Ver 1.3,page,1,of,1
Date&Time,Card #,Name,Location,Transaction,12/02/2022 22:20,ED0334,,CC 2ND STOREY RIGHT DR,Door Left Opened Alarm,Report All     Ver 1.3,page,1,of,1
Date&Time,Card #,Name,Location,Transaction,14/02/2022 22:12,10483,,Blk 83 L4 LSCT Office Dr,Access Granted,Report All     Ver 1.3,page,1,of,1
Date&Time,Card #,Name,Location,Transaction,15/02/2022 22:53,ED0332,,Blk73 L5 Staff HUB Main DR,Access Granted,Report All     Ver 1.3,page,1,of,1
Date&Time,Card #,Name,Location,Transaction,16/02/2022 05:56,ED0334,,Blk 1 L1 Main Side Door,Access Granted,Report All     Ver 1.3,page,1,of,1
Date&Time,Card #,Name,Location,Transaction,16/02/2022 05:56,ED0334,,Blk 1 L1 Main Side Door,Access Granted,Report All     Ver 1.3,page,1,of,1
Date&Time,Card #,Name,Location,Transaction,16/02/2022 05:56,2627,,Blk72 L9 BA Main Dr,Access Granted,Report All     Ver 1.3,page,1,of,1
Date&Time,Card #,Name,Location,Transaction,16/02/2022 05:56,ED0334,,Blk 1 L1 Lift Lobby Main Door,Access Granted,Report All     Ver 1.3,page,1,of,1
Date&Time,Card #,Name,Location,Transaction,16/02/2022 05:56,ED0334,,Blk 1 L1 Lift Lobby Main Door,Access Granted,Report All     Ver 1.3,page,1,of,1
Date&Time,Card #,Name,Location,Transaction,16/02/2022 23:03,ED0332,,Blk 1 L1 Lift Lobby Back Door,Access Granted,Report All     Ver 1.3,page,1,of,1
Date&Time,Card #,Name,Location,Transaction,17/02/2022 02:20,ED0334,,Blk 1 L1 Lift Lobby Back Door,Access Granted,Report All     Ver 1.3,page,1,of,1
Date&Time,Card #,Name,Location,Transaction,17/02/2022 02:20,ED0334,,Blk 1 L1 Lift Lobby Back Door,Access Granted,Report All     Ver 1.3,page,1,of,1
Date&Time,Card #,Name,Location,Transaction,17/02/2022 02:25,ED0334,,Blk 1 L1 Lift Lobby Main Door,Access Granted,Report All     Ver 1.3,page,1,of,1
Date&Time,Card #,Name,Location,Transaction,17/02/2022 02:25,ED0334,,Blk 1 L1 Lift Lobby Main Door,Door Left Opened Alarm,Report All     Ver 1.3,page,1,of,1
Date&Time,Card #,Name,Location,Transaction,18/02/2022 05:58,2627,,Blk72 L9 BA Main Dr,Access Granted,Report All     Ver 1.3,page,1,of,1
Date&Time,Card #,Name,Location,Transaction,18/02/2022 22:00,8399,,Blk 82 L2 HS Rear Dr,Access Granted,Report All     Ver 1.3,page,1,of,1
Date&Time,Card #,Name,Location,Transaction,19/02/2022 05:39,ED0334,,LT73C MAIN DR,Access Granted,Report All     Ver 1.3,page,1,of,1
Date&Time,Card #,Name,Location,Transaction,21/02/2022 22:07,3902,,Blk58 L5 IS Main Dr,Access Granted,Report All     Ver 1.3,page,1,of,1
Date&Time,Card #,Name,Location,Transaction,21/02/2022 22:17,ED0312,,LT73C MAIN DR,Access Granted,Report All     Ver 1.3,page,1,of,1
Date&Time,Card #,Name,Location,Transaction,21/02/2022 22:22,ED0312,,Blk73 L5 Staff HUB Main DR,Access Granted,Report All     Ver 1.3,page,1,of,1
Date&Time,Card #,Name,Location,Transaction,21/02/2022 22:25,ED0312,,Blk73 L3 Auditorium Dr1,Access Granted,Report All     Ver 1.3,page,1,of,1
Date&Time,Card #,Name,Location,Transaction,21/02/2022 22:31,ED0312,,LT78 RIGHT MAIN DR,Access Granted,Report All     Ver 1.3,page,1,of,1
Date&Time,Card #,Name,Location,Transaction,21/02/2022 22:41,ED0312,,LT51F DR1,Access Granted,Report All     Ver 1.3,page,1,of,1
Date&Time,Card #,Name,Location,Transaction,21/02/2022 22:45,ED0312,,LT51C DR2,Access Granted,Report All     Ver 1.3,page,1,of,1
Date&Time,Card #,Name,Location,Transaction,21/02/2022 22:51,ED0333,,Blk 1 L1 Lift Lobby Back Door,Access Granted,Report All     Ver 1.3,page,1,of,1
Date&Time,Card #,Name,Location,Transaction,21/02/2022 22:51,ED0333,,Blk 1 L1 Lift Lobby Back Door,Access Granted,Report All     Ver 1.3,page,1,of,1
Date&Time,Card #,Name,Location,Transaction,21/02/2022 22:58,ED0333,,Blk 1 L1 Lift Lobby Back Door,Access Granted,Report All     Ver 1.3,page,1,of,1
Date&Time,Card #,Name,Location,Transaction,21/02/2022 23:03,ED0333,,Blk 1 L1 Lift Lobby Back Door,Access Granted,Report All     Ver 1.3,page,1,of,1
Date&Time,Card #,Name,Location,Transaction,23/02/2022 05:47,2627,,Blk72 L9 BA Main Dr,Access Granted,Report All     Ver 1.3,page,1,of,1
Date&Time,Card #,Name,Location,Transaction,23/02/2022 22:02,2367,,Blk72 L6 BA Main Dr,"JEFFREY, Access Granted",Report All     Ver 1.3,page,1,of,1
Date&Time,Card #,Name,Location,Transaction,23/02/2022 22:02,2367,,Blk72 L6 BA Staircase Dr,"JEFFREY, Access Granted",Report All     Ver 1.3,page,1,of,1
Date&Time,Card #,Name,Location,Transaction,23/02/2022 22:02,2367,,Blk72 L6 BA Staircase Dr,"JEFFREY, Door Left Opened Alarm",Report All     Ver 1.3,page,1,of,1
Date&Time,Card #,Name,Location,Transaction,23/02/2022 22:51,ED0333,,50-05-06 (ClassRm),Access Granted,Report All     Ver 1.3,page,1,of,1
Date&Time,Card #,Name,Location,Transaction,23/02/2022 22:51,ED0333,,50-05-06 (ClassRm),Access Granted,Report All     Ver 1.3,page,1,of,1
Date&Time,Card #,Name,Location,Transaction,23/02/2022 22:52,ED0333,,50-02-09 (ClassRm),Access Granted,Report All     Ver 1.3,page,1,of,1
Date&Time,Card #,Name,Location,Transaction,23/02/2022 22:52,ED0333,,50-02-09 (ClassRm),Access Granted,Report All     Ver 1.3,page,1,of,1
Date&Time,Card #,Name,Location,Transaction,23/02/2022 22:53,ED0333,,50-02-09 (ClassRm),Door Left Opened Alarm,Report All     Ver 1.3,page,1,of,1
Date&Time,Card #,Name,Location,Transaction,24/02/2022 22:04,10154,,Blk 81 L7 HS Main Dr,Access Granted,Report All     Ver 1.3,page,1,of,1
Date&Time,Card #,Name,Location,Transaction,24/02/2022 22:05,10154,,Blk 81 L7 HS Office Dr,Access Granted,Report All     Ver 1.3,page,1,of,1
Date&Time,Card #,Name,Location,Transaction,24/02/2022 22:19,ED0312,,Blk 81 L6 HS Main Dr,Access Granted,Report All     Ver 1.3,page,1,of,1
Date&Time,Card #,Name,Location,Transaction,24/02/2022 22:20,ED0312,,Blk 81 L6 HS Main Dr,Door Left Opened Alarm,Report All     Ver 1.3,page,1,of,1
Date&Time,Card #,Name,Location,Transaction,24/02/2022 22:20,ED0312,,Blk 81 L6 HS Office Dr,Access Granted,Report All     Ver 1.3,page,1,of,1
Date&Time,Card #,Name,Location,Transaction,24/02/2022 23:00,8389,,Blk 81 L6 HS Main Dr,Access Granted,Report All     Ver 1.3,page,1,of,1
Date&Time,Card #,Name,Location,Transaction,25/02/2022 00:54,14120,,Blk 81 L7 HS Main Dr,Access Granted,Report All     Ver 1.3,page,1,of,1
Date&Time,Card #,Name,Location,Transaction,25/02/2022 00:55,14120,,Blk 81 L7 HS Office Dr,Access Granted,Report All     Ver 1.3,page,1,of,1
Date&Time,Card #,Name,Location,Transaction,25/02/2022 04:03,ED0332,,Blk 1 L1 Main Side Door,Access Granted,Report All     Ver 1.3,page,1,of,1
Date&Time,Card #,Name,Location,Transaction,25/02/2022 04:06,ED0332,,Blk 1 L1 Lift Lobby Back Door,Access Granted,Report All     Ver 1.3,page,1,of,1
Date&Time,Card #,Name,Location,Transaction,25/02/2022 04:09,ED0332,,Blk 1 L1 Lift Lobby Back Door,Access Granted,Report All     Ver 1.3,page,1,of,1
Date&Time,Card #,Name,Location,Transaction,25/02/2022 04:14,ED0332,,Blk 1 L1 Lift Lobby Back Door,Access Granted,Report All     Ver 1.3,page,1,of,1
Date&Time,Card #,Name,Location,Transaction,25/02/2022 04:20,ED0312,,CC BASEMENT MAIN DR,Access Granted,Report All     Ver 1.3,page,1,of,1
Date&Time,Card #,Name,Location,Transaction,25/02/2022 04:20,ED0312,,CC BASEMENT MAIN DR,Door Left Opened Alarm,Report All     Ver 1.3,page,1,of,1
Date&Time,Card #,Name,Location,Transaction,25/02/2022 04:25,ED0312,,CC 1ST STOREY RIGHT DR,Access Granted,Report All     Ver 1.3,page,1,of,1
Date&Time,Card #,Name,Location,Transaction,25/02/2022 04:25,ED0312,,CC 1ST STOREY RIGHT DR,Ctrl Group B Activated,Report All     Ver 1.3,page,1,of,1
Date&Time,Card #,Name,Location,Transaction,25/02/2022 04:25,ED0312,,CC 1ST STOREY RIGHT DR,Access Granted,Report All     Ver 1.3,page,1,of,1
Date&Time,Card #,Name,Location,Transaction,25/02/2022 04:30,ED0312,,CC 2ND STOREY RIGHT DR,Access Granted,Report All     Ver 1.3,page,1,of,1
Date&Time,Card #,Name,Location,Transaction,25/02/2022 04:30,ED0312,,CC 2ND STOREY RIGHT DR,Ctrl Group B Activated,Report All     Ver 1.3,page,1,of,1
Date&Time,Card #,Name,Location,Transaction,25/02/2022 04:30,ED0312,,CC 2ND STOREY RIGHT DR,Access Granted,Report All     Ver 1.3,page,1,of,1
Date&Time,Card #,Name,Location,Transaction,25/02/2022 05:46,2627,,Blk72 L9 BA Main Dr,Access Granted,Report All     Ver 1.3,page,1,of,1
Date&Time,Card #,Name,Location,Transaction,25/02/2022 22:04,ED0334,,Blk 1 L1 Main Side Door,Access Granted,Report All     Ver 1.3,page,1,of,1
Date&Time,Card #,Name,Location,Transaction,25/02/2022 22:04,ED0334,,Blk 1 L1 Main Side Door,Access Granted,Report All     Ver 1.3,page,1,of,1
Date&Time,Card #,Name,Location,Transaction,25/02/2022 22:07,ED0334,,Blk 1 L1 Lift Lobby Main Door,Access Granted,Report All     Ver 1.3,page,1,of,1
Date&Time,Card #,Name,Location,Transaction,25/02/2022 22:07,ED0334,,Blk 1 L1 Lift Lobby Main Door,Access Granted,Report All     Ver 1.3,page,1,of,1
Date&Time,Card #,Name,Location,Transaction,25/02/2022 23:24,ED0334,,Blk 1 L1 Main Side Door,Access Granted,Report All     Ver 1.3,page,1,of,1
Date&Time,Card #,Name,Location,Transaction,25/02/2022 23:24,ED0334,,Blk 1 L1 Main Side Door,Access Granted,Report All     Ver 1.3,page,1,of,1
Date&Time,Card #,Name,Location,Transaction,25/02/2022 23:24,ED0334,,Blk 1 L1 Main Side Door,Access Granted,Report All     Ver 1.3,page,1,of,1
Date&Time,Card #,Name,Location,Transaction,25/02/2022 23:24,ED0334,,Blk 1 L1 Main Side Door,Door Left Opened Alarm,Report All     Ver 1.3,page,1,of,1
Date&Time,Card #,Name,Location,Transaction,25/02/2022 23:30,ED0334,,Blk 1 L1 Lift Lobby Main Door,Access Granted,Report All     Ver 1.3,page,1,of,1
Date&Time,Card #,Name,Location,Transaction,25/02/2022 23:30,ED0334,,Blk 1 L1 Lift Lobby Main Door,Access Granted,Report All     Ver 1.3,page,1,of,1
Date&Time,Card #,Name,Location,Transaction,25/02/2022 23:30,ED0334,,Blk 1 L1 Lift Lobby Main Door,Access Granted,Report All     Ver 1.3,page,1,of,1
Date&Time,Card #,Name,Location,Transaction,25/02/2022 23:30,ED0334,,Blk 1 L1 Lift Lobby Main Door,Door Left Opened Alarm,Report All     Ver 1.3,page,1,of,1
Date&Time,Card #,Name,Location,Transaction,28/02/2022 22:02,ED0312,,73-02-05 (ClassRm),Access Granted,Report All     Ver 1.3,page,1,of,1
Date&Time,Card #,Name,Location,Transaction,01/03/2022 02:01,ED0312,,73-02-05 (ClassRm),Access Granted,Report All     Ver 1.3,page,1,of,1
Date&Time,Card #,Name,Location,Transaction,01/03/2022 05:36,2627,,Blk72 L9 BA Main Dr,Access Granted,Report All     Ver 1.3,page,1,of,1
Date&Time,Card #,Name,Location,Transaction,01/03/2022 05:50,2627,,Blk72 L6 BA Main Dr,Access Granted,Report All     Ver 1.3,page,1,of,1
Date&Time,Card #,Name,Location,Transaction,01/03/2022 05:51,2627,,Blk72 L6 BA Staircase Dr,Access Granted,Report All     Ver 1.3,page,1,of,1
Date&Time,Card #,Name,Location,Transaction,01/03/2022 22:08,959,,Blk 34 L7 DE Main Dr,"EUNICE, Access Granted",Report All     Ver 1.3,page,1,of,1
Date&Time,Card #,Name,Location,Transaction,01/03/2022 22:09,959,,Blk 34 L7 DE Office Dr,"EUNICE, Access Granted",Report All     Ver 1.3,page,1,of,1
Date&Time,Card #,Name,Location,Transaction,01/03/2022 22:13,ED0332,,Blk58 L5 IS Main Dr,Access Granted,Report All     Ver 1.3,page,1,of,1
Date&Time,Card #,Name,Location,Transaction,01/03/2022 23:37,3902,,Blk58 L5 IS Main Dr,Access Granted,Report All     Ver 1.3,page,1,of,1
Date&Time,Card #,Name,Location,Transaction,02/03/2022 05:18,ED0332,,Blk 53 L8 Exam Hall Main Dr,Access Granted,Report All     Ver 1.3,page,1,of,1
Date&Time,Card #,Name,Location,Transaction,02/03/2022 05:18,ED0332,,Blk 53 L8 Exam Hall Main Dr,Ctrl Group B Activated,Report All     Ver 1.3,page,1,of,1
Date&Time,Card #,Name,Location,Transaction,02/03/2022 05:19,ED0332,,Blk 53 L8 Exam Hall Main Dr,Ctrl Group C Activated,Report All     Ver 1.3,page,1,of,1
Date&Time,Card #,Name,Location,Transaction,02/03/2022 05:19,ED0332,,Blk 53 L8 Exam Hall Main Dr,Access Granted,Report All     Ver 1.3,page,1,of,1
Date&Time,Card #,Name,Location,Transaction,02/03/2022 05:19,ED0332,,Blk 53 L8 Exam Hall Main Dr,Ctrl Group B Activated,Report All     Ver 1.3,page,1,of,1
Date&Time,Card #,Name,Location,Transaction,02/03/2022 05:19,ED0332,,Blk 53 L8 Exam Hall Main Dr,Access Granted,Report All     Ver 1.3,page,1,of,1
Date&Time,Card #,Name,Location,Transaction,02/03/2022 22:06,ED0312,,56-06-11 (ClassRm),Access Granted,Report All     Ver 1.3,page,1,of,1
Date&Time,Card #,Name,Location,Transaction,03/03/2022 04:43,ED0332,,Blk 53 L8 Exam Hall Main Dr,Access Granted,Report All     Ver 1.3,page,1,of,1
Date&Time,Card #,Name,Location,Transaction,03/03/2022 22:07,ED0334,,Blk 53 L8 Exam Hall Main Dr,Access Granted,Report All     Ver 1.3,page,1,of,1
Date&Time,Card #,Name,Location,Transaction,03/03/2022 23:29,ED0312,,Blk 1 L1 Lift Lobby Back Door,Access Granted,Report All     Ver 1.3,page,1,of,1
Date&Time,Card #,Name,Location,Transaction,03/03/2022 23:30,ED0312,,Blk 1 L3 CORPCOMMS Main Door,Access Granted,Report All     Ver 1.3,page,1,of,1
Date&Time,Card #,Name,Location,Transaction,04/03/2022 02:01,ED0312,,Blk73 L5 Staff HUB Side DR,Access Granted,Report All     Ver 1.3,page,1,of,1
Date&Time,Card #,Name,Location,Transaction,04/03/2022 02:02,ED0312,,Blk73 L5 Staff HUB Side DR,Door Left Opened Alarm,Report All     Ver 1.3,page,1,of,1
Date&Time,Card #,Name,Location,Transaction,04/03/2022 04:39,ED0334,,Blk 53 L8 Exam Hall Main Dr,Ctrl Group B Activated,Report All     Ver 1.3,page,1,of,1
Date&Time,Card #,Name,Location,Transaction,04/03/2022 04:39,ED0334,,Blk 53 L8 Exam Hall Main Dr,Access Granted,Report All     Ver 1.3,page,1,of,1
Date&Time,Card #,Name,Location,Transaction,04/03/2022 04:40,ED0334,,Blk 53 L8 Exam Hall Main Dr,Ctrl Group B Activated,Report All     Ver 1.3,page,1,of,1
Date&Time,Card #,Name,Location,Transaction,04/03/2022 22:00,959,,Blk 34 L7 DE Office Dr,"EUNICE, Access Granted",Report All     Ver 1.3,page,1,of,1
Date&Time,Card #,Name,Location,Transaction,06/03/2022 22:07,ED0334,,CC 2ND STOREY RIGHT DR,Access Granted,Report All     Ver 1.3,page,1,of,1
Date&Time,Card #,Name,Location,Transaction,06/03/2022 22:07,ED0334,,CC 2ND STOREY RIGHT DR,Door Left Opened Alarm,Report All     Ver 1.3,page,1,of,1
Date&Time,Card #,Name,Location,Transaction,06/03/2022 22:08,ED0334,,CC 2ND STOREY RIGHT DR,Access Granted,Report All     Ver 1.3,page,1,of,1
Date&Time,Card #,Name,Location,Transaction,06/03/2022 22:22,ED0334,,71-02-18 (ClassRm),Access Granted,Report All     Ver 1.3,page,1,of,1
Date&Time,Card #,Name,Location,Transaction,06/03/2022 22:24,ED0334,,71-02-10 (ClassRm),Access Granted,Report All     Ver 1.3,page,1,of,1
Date&Time,Card #,Name,Location,Transaction,06/03/2022 22:24,ED0334,,71-02-10 (ClassRm),Access Granted,Report All     Ver 1.3,page,1,of,1
Date&Time,Card #,Name,Location,Transaction,07/03/2022 22:15,ED0312,,35-01-10 (ClassRm),Access Granted,Report All     Ver 1.3,page,1,of,1
Date&Time,Card #,Name,Location,Transaction,07/03/2022 22:15,ED0312,,35-01-10 (ClassRm),Door Left Opened Alarm,Report All     Ver 1.3,page,1,of,1
Date&Time,Card #,Name,Location,Transaction,08/03/2022 05:21,ED0333,,Blk72 L6 BA Main Dr,Access Granted,Report All     Ver 1.3,page,1,of,1
Date&Time,Card #,Name,Location,Transaction,09/03/2022 22:45,8389,,Blk 81 L6 HS Office Dr,Access Granted,Report All     Ver 1.3,page,1,of,1
Date&Time,Card #,Name,Location,Transaction,09/03/2022 22:47,8389,,Blk 81 L6 HS Main Dr,Access Granted,Report All     Ver 1.3,page,1,of,1
Date&Time,Card #,Name,Location,Transaction,10/03/2022 04:32,ED0312,,Blk 1 L1 Main Side Door,Access Granted,Report All     Ver 1.3,page,1,of,1
Date&Time,Card #,Name,Location,Transaction,10/03/2022 04:32,ED0312,,Blk 1 L1 Lift Lobby Main Door,Access Granted,Report All     Ver 1.3,page,1,of,1
Date&Time,Card #,Name,Location,Transaction,10/03/2022 04:33,ED0312,,Blk 1 L1 Lift Lobby Main Door,Door Left Opened Alarm,Report All     Ver 1.3,page,1,of,1
Date&Time,Card #,Name,Location,Transaction,10/03/2022 04:33,ED0312,,Blk 1 L7 Lift Lobby Door,Access Granted,Report All     Ver 1.3,page,1,of,1
Date&Time,Card #,Name,Location,Transaction,10/03/2022 04:33,ED0312,,Blk 1 L7 Lift Lobby Door,Door Left Opened Alarm,Report All     Ver 1.3,page,1,of,1
Date&Time,Card #,Name,Location,Transaction,10/03/2022 04:34,ED0312,,01-07-03 AA Conf Rm Front,Access Granted,Report All     Ver 1.3,page,1,of,1
Date&Time,Card #,Name,Location,Transaction,10/03/2022 22:35,ED0333,,Blk73 L3 Auditorium Dr3,Ctrl Group C Activated,Report All     Ver 1.3,page,1,of,1
Date&Time,Card #,Name,Location,Transaction,10/03/2022 22:35,ED0333,,Blk73 L3 Auditorium Dr3,Access Granted,Report All     Ver 1.3,page,1,of,1
Date&Time,Card #,Name,Location,Transaction,10/03/2022 22:36,ED0333,,Blk73 L3 Auditorium Dr3,Ctrl Group B Activated,Report All     Ver 1.3,page,1,of,1
Date&Time,Card #,Name,Location,Transaction,10/03/2022 22:36,ED0333,,Blk73 L3 Auditorium Dr3,Access Granted,Report All     Ver 1.3,page,1,of,1
Date&Time,Card #,Name,Location,Transaction,10/03/2022 22:36,ED0333,,Blk73 L3 Auditorium Dr3,Ctrl Group C Activated,Report All     Ver 1.3,page,1,of,1
Date&Time,Card #,Name,Location,Transaction,10/03/2022 22:36,ED0333,,Blk73 L3 Auditorium Dr3,Access Granted,Report All     Ver 1.3,page,1,of,1
Date&Time,Card #,Name,Location,Transaction,10/03/2022 23:16,ED0333,,Blk 7 L4 SOE Main Dr,Access Granted,Report All     Ver 1.3,page,1,of,1
Date&Time,Card #,Name,Location,Transaction,10/03/2022 23:16,ED0333,,Blk 7 L4 SOE Main Dr,Door Left Opened Alarm,Report All     Ver 1.3,page,1,of,1
Date&Time,Card #,Name,Location,Transaction,10/03/2022 23:17,ED0333,,Blk 7 L4 SOE Inner Dr,Access Granted,Report All     Ver 1.3,page,1,of,1
Date&Time,Card #,Name,Location,Transaction,10/03/2022 23:17,ED0333,,Blk 7 L4 SOE Inner Dr,Access Granted,Report All     Ver 1.3,page,1,of,1
Date&Time,Card #,Name,Location,Transaction,10/03/2022 23:17,ED0333,,Blk 7 L4 SOE Inner Dr,Door Left Opened Alarm,Report All     Ver 1.3,page,1,of,1
Date&Time,Card #,Name,Location,Transaction,11/03/2022 05:50,2627,,Blk72 L9 BA Main Dr,Access Granted,Report All     Ver 1.3,page,1,of,1
Date&Time,Card #,Name,Location,Transaction,11/03/2022 22:07,ED0334,,CC 1ST STOREY MAIN DR,Access Granted,Report All     Ver 1.3,page,1,of,1
Date&Time,Card #,Name,Location,Transaction,13/03/2022 01:30,11595,,Blk 53 L5 HMS Office Dr,Access Granted,Report All     Ver 1.3,page,1,of,1
Date&Time,Card #,Name,Location,Transaction,13/03/2022 01:30,11595,,Blk 53 L5 HMS Office Dr,Access Granted,Report All     Ver 1.3,page,1,of,1
Date&Time,Card #,Name,Location,Transaction,13/03/2022 01:30,11595,,Blk 53 L5 HMS Office Dr,Access Granted,Report All     Ver 1.3,page,1,of,1
Date&Time,Card #,Name,Location,Transaction,13/03/2022 01:44,11595,,Blk 53 L5 HMS Office Dr,Access Granted,Report All     Ver 1.3,page,1,of,1
Date&Time,Card #,Name,Location,Transaction,14/03/2022 22:01,14120,,Blk 81 L7 HS Main Dr,Access Granted,Report All     Ver 1.3,page,1,of,1
Date&Time,Card #,Name,Location,Transaction,15/03/2022 22:29,ED0332,,56-06-06 (ClassRm),Ctrl Group C Activated,Report All     Ver 1.3,page,1,of,1
Date&Time,Card #,Name,Location,Transaction,15/03/2022 22:29,ED0332,,56-06-06 (ClassRm),Access Granted,Report All     Ver 1.3,page,1,of,1
Date&Time,Card #,Name,Location,Transaction,16/03/2022 22:04,959,,Blk 34 L7 DE Main Dr,"EUNICE, Access Granted",Report All     Ver 1.3,page,1,of,1
Date&Time,Card #,Name,Location,Transaction,16/03/2022 22:04,959,,Blk 34 L7 DE Office Dr,"EUNICE, Access Granted",Report All     Ver 1.3,page,1,of,1
Date&Time,Card #,Name,Location,Transaction,16/03/2022 22:20,ED0332,,56-06-06 (ClassRm),Ctrl Group C Activated,Report All     Ver 1.3,page,1,of,1
Date&Time,Card #,Name,Location,Transaction,16/03/2022 23:17,ED0332,,Blk73 L3 Auditorium Dr3,Access Granted,Report All     Ver 1.3,page,1,of,1
Date&Time,Card #,Name,Location,Transaction,17/03/2022 22:03,14120,,Blk 81 L7 HS Main Dr,Access Granted,Report All     Ver 1.3,page,1,of,1
Date&Time,Card #,Name,Location,Transaction,17/03/2022 22:03,14120,,Blk 81 L7 HS Main Dr,Door Left Opened Alarm,Report All     Ver 1.3,page,1,of,1
Date&Time,Card #,Name,Location,Transaction,18/03/2022 22:03,ED0333,,56-06-06 (ClassRm),Ctrl Group C Activated,Report All     Ver 1.3,page,1,of,1
Date&Time,Card #,Name,Location,Transaction,20/03/2022 04:50,ED0334,,Blk 1 L1 Main Side Door,Access Granted,Report All     Ver 1.3,page,1,of,1
Date&Time,Card #,Name,Location,Transaction,20/03/2022 04:51,ED0334,,Blk 1 L1 Lift Lobby Main Door,Access Granted,Report All     Ver 1.3,page,1,of,1
Date&Time,Card #,Name,Location,Transaction,20/03/2022 04:52,ED0334,,Blk 1 L1 Lift Lobby Main Door,Door Left Opened Alarm,Report All     Ver 1.3,page,1,of,1
Date&Time,Card #,Name,Location,Transaction,20/03/2022 05:37,ED0333,,Blk 1 L1 Main Side Door,Access Granted,Report All     Ver 1.3,page,1,of,1
Date&Time,Card #,Name,Location,Transaction,20/03/2022 05:38,ED0333,,Blk 1 L1 Lift Lobby Main Door,Access Granted,Report All     Ver 1.3,page,1,of,1
Date&Time,Card #,Name,Location,Transaction,21/03/2022 02:32,ED0332,,Blk 1 L1 Main Side Door,Access Granted,Report All     Ver 1.3,page,1,of,1
Date&Time,Card #,Name,Location,Transaction,21/03/2022 02:32,ED0332,,Blk 1 L1 Main Side Door,Access Granted,Report All     Ver 1.3,page,1,of,1
Date&Time,Card #,Name,Location,Transaction,21/03/2022 02:33,ED0332,,Blk 1 L1 Lift Lobby Main Door,Access Granted,Report All     Ver 1.3,page,1,of,1
Date&Time,Card #,Name,Location,Transaction,21/03/2022 02:33,ED0332,,Blk 1 L1 Lift Lobby Main Door,Access Granted,Report All     Ver 1.3,page,1,of,1
Date&Time,Card #,Name,Location,Transaction,21/03/2022 22:21,2887,,Blk72 L8 BA Main Dr,"PAUL, Access Granted",Report All     Ver 1.3,page,1,of,1
Date&Time,Card #,Name,Location,Transaction,21/03/2022 22:22,2887,,Blk72 L8 BA Office Dr,"PAUL, Access Granted",Report All     Ver 1.3,page,1,of,1
Date&Time,Card #,Name,Location,Transaction,22/03/2022 22:01,14120,,Blk 81 L7 HS Main Dr,Access Granted,Report All     Ver 1.3,page,1,of,1
Date&Time,Card #,Name,Location,Transaction,22/03/2022 22:01,14120,,Blk 81 L7 HS Office Dr,Access Granted,Report All     Ver 1.3,page,1,of,1
Date&Time,Card #,Name,Location,Transaction,23/03/2022 22:01,13120,,Blk 31 L8 ICT Main Dr,Access Granted,Report All     Ver 1.3,page,1,of,1
Date&Time,Card #,Name,Location,Transaction,24/03/2022 22:17,14120,,Blk 81 L7 HS Main Dr,Access Granted,Report All     Ver 1.3,page,1,of,1
Date&Time,Card #,Name,Location,Transaction,25/03/2022 22:11,5361,,Blk58 L6 IS Main Dr,Access Granted,Report All     Ver 1.3,page,1,of,1
Date&Time,Card #,Name,Location,Transaction,25/03/2022 22:11,5361,,Blk58 L6 IS Office Dr,Access Granted,Report All     Ver 1.3,page,1,of,1
Date&Time,Card #,Name,Location,Transaction,25/03/2022 22:11,5361,,Blk58 L6 IS Office Dr,Access Granted,Report All     Ver 1.3,page,1,of,1
Date&Time,Card #,Name,Location,Transaction,27/03/2022 22:14,ED0334,,LT51G DR1,Access Granted,Report All     Ver 1.3,page,1,of,1
Date&Time,Card #,Name,Location,Transaction,28/03/2022 02:34,ED0333,,Blk 1 L1 Lift Lobby Back Door,Access Granted,Report All     Ver 1.3,page,1,of,1
Date&Time,Card #,Name,Location,Transaction,28/03/2022 02:34,ED0333,,Blk 1 L1 Lift Lobby Back Door,Access Granted,Report All     Ver 1.3,page,1,of,1
Date&Time,Card #,Name,Location,Transaction,28/03/2022 02:34,ED0333,,Blk 1 L1 Lift Lobby Back Door,Door Left Opened Alarm,Report All     Ver 1.3,page,1,of,1
Date&Time,Card #,Name,Location,Transaction,28/03/2022 02:39,ED0333,,Blk 1 L1 Lift Lobby Main Door,Access Granted,Report All     Ver 1.3,page,1,of,1
Date&Time,Card #,Name,Location,Transaction,28/03/2022 02:39,ED0333,,Blk 1 L1 Lift Lobby Main Door,Access Granted,Report All     Ver 1.3,page,1,of,1
Date&Time,Card #,Name,Location,Transaction,28/03/2022 03:21,ED0332,,Blk 1 L1 Main Side Door,Access Granted,Report All     Ver 1.3,page,1,of,1
Date&Time,Card #,Name,Location,Transaction,28/03/2022 03:21,ED0332,,Blk 1 L1 Main Side Door,Access Granted,Report All     Ver 1.3,page,1,of,1
Date&Time,Card #,Name,Location,Transaction,28/03/2022 03:22,ED0332,,Blk 1 L1 Lift Lobby Main Door,Access Granted,Report All     Ver 1.3,page,1,of,1
Date&Time,Card #,Name,Location,Transaction,28/03/2022 22:09,ED0333,,Blk73 L3 Auditorium Dr3,Ctrl Group C Activated,Report All     Ver 1.3,page,1,of,1
Date&Time,Card #,Name,Location,Transaction,28/03/2022 22:10,ED0333,,Blk73 L3 Auditorium Dr2,Access Granted,Report All     Ver 1.3,page,1,of,1
Date&Time,Card #,Name,Location,Transaction,28/03/2022 22:14,14120,,Blk 81 L7 HS Main Dr,Access Granted,Report All     Ver 1.3,page,1,of,1
Date&Time,Card #,Name,Location,Transaction,29/03/2022 22:26,ED0334,,56-06-06 (ClassRm),Ctrl Group C Activated,Report All     Ver 1.3,page,1,of,1
Date&Time,Card #,Name,Location,Transaction,29/03/2022 22:45,7808,,Blk 7 L5 SOE Main Dr,Access Granted,Report All     Ver 1.3,page,1,of,1
Date&Time,Card #,Name,Location,Transaction,29/03/2022 22:45,7808,,Blk 7 L5 SOE Inner Dr,Access Granted,Report All     Ver 1.3,page,1,of,1
Date&Time,Card #,Name,Location,Transaction,29/03/2022 22:45,7808,,Blk 7 L5 SOE Main Dr,Door Left Opened Alarm,Report All     Ver 1.3,page,1,of,1
Date&Time,Card #,Name,Location,Transaction,29/03/2022 22:45,7808,,Blk 7 L5 SOE Inner Dr,Door Left Opened Alarm,Report All     Ver 1.3,page,1,of,1
Date&Time,Card #,Name,Location,Transaction,29/03/2022 22:49,8242,,Blk 7 L5 SOE Main Dr,Access Granted,Report All     Ver 1.3,page,1,of,1
Date&Time,Card #,Name,Location,Transaction,29/03/2022 22:49,8242,,Blk 7 L5 SOE Inner Dr,Access Granted,Report All     Ver 1.3,page,1,of,1
Date&Time,Card #,Name,Location,Transaction,29/03/2022 22:49,8242,,Blk 7 L5 SOE Main Dr,Door Left Opened Alarm,Report All     Ver 1.3,page,1,of,1
Date&Time,Card #,Name,Location,Transaction,29/03/2022 22:49,8242,,Blk 7 L5 SOE Inner Dr,Door Left Opened Alarm,Report All     Ver 1.3,page,1,of,1
Date&Time,Card #,Name,Location,Transaction,30/03/2022 22:57,2729,,Blk 1 L1 Main Side Door,Access Granted,Report All     Ver 1.3,page,1,of,1
Date&Time,Card #,Name,Location,Transaction,30/03/2022 22:57,2729,,Blk 1 L1 Main Side Door,Access Granted,Report All     Ver 1.3,page,1,of,1
Date&Time,Card #,Name,Location,Transaction,30/03/2022 22:58,2729,,Blk 1 L1 Lift Lobby Main Door,Access Granted,Report All     Ver 1.3,page,1,of,1
Date&Time,Card #,Name,Location,Transaction,30/03/2022 22:58,2729,,Blk 1 L1 Lift Lobby Main Door,Door Left Opened Alarm,Report All     Ver 1.3,page,1,of,1
Date&Time,Card #,Name,Location,Transaction,30/03/2022 22:58,2729,,Blk 1 L8 Lift Lobby Door,Access Granted,Report All     Ver 1.3,page,1,of,1
Date&Time,Card #,Name,Location,Transaction,30/03/2022 22:58,2729,,Blk 1 L8 Holding Area Door,Access Granted,Report All     Ver 1.3,page,1,of,1
Date&Time,Card #,Name,Location,Transaction,31/03/2022 02:06,ED0312,,Blk 1 L1 Staircase3 (toilet),Access Granted,Report All     Ver 1.3,page,1,of,1
Date&Time,Card #,Name,Location,Transaction,31/03/2022 02:06,ED0312,,Blk 1 L1 Staircase3 (toilet),Access Granted,Report All     Ver 1.3,page,1,of,1
Date&Time,Card #,Name,Location,Transaction,31/03/2022 22:59,ED0312,,Blk 1 L1 Main Side Door,Access Granted,Report All     Ver 1.3,page,1,of,1
Date&Time,Card #,Name,Location,Transaction,31/03/2022 23:00,ED0312,,Blk 1 L1 Lift Lobby Main Door,Access Granted,Report All     Ver 1.3,page,1,of,1
Date&Time,Card #,Name,Location,Transaction,31/03/2022 23:00,ED0312,,Blk 1 L1 Lift Lobby Main Door,Door Left Opened Alarm,Report All     Ver 1.3,page,1,of,1
